url,n_cookies,n_cookes_dnt
https://google.com/,3,3
https://youtube.com/,4,4
https://baidu.com/,8,8
https://facebook.com/,0,1
https://bilibili.com/,9,9
https://yahoo.com/,1,1
https://instagram.com/,0,0
https://amazon.com/,8,8
https://wikipedia.org/,4,4
https://qq.com/,7,7
https://bing.com/,14,14
https://twitter.com/,3,3
https://whatsapp.com/,0,0
https://reddit.com/,6,6
https://xvideos.com/,2,2
https://yandex.ru/,8,10
https://linkedin.com/,8,8
https://pornhub.com/,18,18
https://vk.com/,23,23
https://zhihu.com/,14,17
https://fandom.com/,1,1
https://taobao.com/,17,15
https://microsoft.com/,11,11
https://live.com/,4,4
https://netflix.com/,7,7
https://tiktok.com/,8,8
https://amazon.in/,6,6
https://microsoftonline.com/,0,0
https://163.com/,3,3
https://xhamster.com/,11,10
https://github.com/,4,4
https://t.co/,0,0
https://sina.com.cn/,8,8
https://csdn.net/,19,19
https://aliexpress.com/,26,25
https://spankbang.com/,10,10
https://naver.com/,2,2
https://ebay.com/,21,21
https://weibo.com/,10,10
https://canva.com/,6,6
https://imdb.com/,3,3
https://msn.com/,3,3
https://apple.com/,11,11
https://office.com/,5,5
https://mail.ru/,17,18
https://xnxx.com/,2,2
https://duckduckgo.com/,0,0
https://jd.com/,9,9
https://paypal.com/,9,9
https://quora.com/,9,9
https://realsrv.com/,3,3
https://twitch.tv/,6,6
https://hao123.com/,0,0
https://zoom.us/,16,16
https://google.co.in/,3,3
https://douban.com/,9,4
https://stackoverflow.com/,1,1
https://pinterest.com/,4,4
https://spotify.com/,9,7
https://google.com.hk/,3,3
https://booking.com/,14,15
https://amazon.co.jp/,9,9
https://flipkart.com/,13,12
https://adobe.com/,22,20
https://twimg.com/,0,0
https://amazon.co.uk/,7,7
https://tmall.com/,10,10
https://etsy.com/,6,6
https://pixiv.net/,16,9
https://so.com/,6,9
https://imgur.com/,12,12
https://indeed.com/,14,14
https://iqiyi.com/,14,14
https://telegram.org/,1,1
https://alipay.com/,5,5
https://youku.com/,16,16
https://discord.com/,5,5
https://chaturbate.com/,10,10
https://weather.com/,8,8
https://roblox.com/,5,4
https://t.me/,1,1
https://mediafire.com/,14,13
https://stripchat.com/,18,13
https://lenovo.com.cn/,0,0
https://doubleclick.net/,3,3
https://avito.ru/,2,2
https://1688.com/,12,7
https://ok.ru/,15,15
https://freepik.com/,19,19
https://onlyfans.com/,4,4
https://redd.it/,6,6
https://wordpress.com/,27,8
https://fiverr.com/,20,20
https://www.nih.gov/,5,5
https://bbc.com/,9,9
https://tumblr.com/,1,1
https://ilovepdf.com/,0,0
https://mega.nz/,1,1
https://formula1.com/,1,1
